round,move
1,Scissors
2,Rock
3,Paper
4,Rock
5,Scissors
6,Paper
7,Scissors
8,Rock
9,Paper
10,Rock
11,Rock
12,Paper
13,Scissors
14,Rock
15,Paper
16,Scissors
17,Rock
18,Paper
19,Paper
20,Scissors
21,Paper
22,Paper
23,Scissors
24,Rock
25,Paper
26,Scissors
27,Rock
28,Paper
29,Paper
30,Paper
31,Paper
32,Rock
33,Paper
34,Paper
35,Scissors
36,Rock
37,Paper
38,Scissors
39,Scissors
40,Rock
41,Rock
42,Rock
43,Paper
44,Scissors
45,Scissors
46,Scissors
47,Scissors
48,Rock
49,Paper
50,Scissors
51,Rock
52,Paper
53,Scissors
54,Paper
55,Scissors
56,Rock
57,Paper
58,Scissors
59,Rock
60,Paper
61,Paper
62,Scissors
63,Rock
64,Paper
65,Paper
66,Scissors
67,Rock
68,Scissors
69,Scissors
70,Rock
71,Rock
72,Scissors
73,Rock
74,Paper
75,Paper
76,Scissors
77,Scissors
78,Rock
79,Rock
80,Rock
81,Paper
82,Scissors
83,Paper
84,Scissors
85,Rock
86,Paper
87,Scissors
88,Rock
89,Paper
90,Scissors
91,Scissors
92,Rock
93,Rock
94,Paper
95,Scissors
96,Rock
97,Paper
98,Scissors
99,Rock
100,Paper
101,Scissors
102,Rock
103,Rock
104,Scissors
105,Paper
106,Scissors
107,Rock
108,Paper
109,Paper
110,Rock
111,Paper
112,Scissors
113,Scissors
114,Paper
115,Scissors
116,Rock
117,Paper
118,Scissors
119,Rock
120,Rock
121,Paper
122,Paper
123,Scissors
124,Scissors
125,Scissors
126,Rock
127,Paper
128,Paper
129,Paper
130,Scissors
131,Scissors
132,Rock
133,Paper
134,Scissors
135,Rock
136,Paper
137,Scissors
138,Scissors
139,Rock
140,Rock
141,Paper
142,Scissors
143,Rock
144,Paper
145,Scissors
146,Scissors
147,Scissors
148,Paper
149,Scissors
150,Paper
151,Paper
152,Scissors
153,Rock
154,Scissors
155,Rock
156,Paper
157,Rock
158,Rock
159,Paper
160,Scissors
161,Rock
162,Paper
163,Rock
164,Rock
165,Rock
166,Paper
167,Scissors
168,Rock
169,Paper
170,Scissors
171,Paper
172,Scissors
173,Rock
174,Paper
175,Scissors
176,Rock
177,Rock
178,Paper
179,Paper
180,Scissors
181,Scissors
182,Rock
183,Paper
184,Scissors
185,Rock
186,Paper
187,Scissors
188,Rock
189,Rock
190,Paper
191,Paper
192,Paper
193,Scissors
194,Scissors
195,Rock
196,Scissors
197,Scissors
198,Rock
199,Paper
200,Scissors
201,Rock
202,Rock
203,Paper
204,Paper
205,Scissors
206,Rock
207,Scissors
208,Scissors
209,Rock
210,Rock
211,Paper
212,Scissors
213,Paper
214,Paper
215,Scissors
216,Paper
217,Scissors
218,Rock
219,Paper
220,Paper
221,Paper
222,Rock
223,Paper
224,Rock
225,Paper
226,Rock
227,Paper
228,Scissors
229,Rock
230,Rock
231,Paper
232,Scissors
233,Rock
234,Rock
235,Scissors
236,Rock
237,Scissors
238,Rock
239,Paper
240,Rock
241,Rock
242,Paper
243,Scissors
244,Rock
245,Paper
246,Scissors
247,Rock
248,Paper
249,Paper
250,Scissors
251,Rock
252,Scissors
253,Scissors
254,Rock
255,Paper
256,Scissors
257,Rock
258,Paper
259,Scissors
260,Rock
261,Paper
262,Rock
263,Paper
264,Paper
265,Scissors
266,Rock
267,Paper
268,Scissors
269,Scissors
270,Rock
271,Paper
272,Scissors
273,Scissors
274,Rock
275,Scissors
276,Rock
277,Scissors
278,Paper
279,Paper
280,Paper
281,Paper
282,Paper
283,Scissors
284,Scissors
285,Rock
286,Paper
287,Scissors
288,Rock
289,Paper
290,Scissors
291,Rock
292,Paper
293,Paper
294,Scissors
295,Rock
296,Paper
297,Scissors
298,Rock
299,Rock
300,Scissors
301,Rock
302,Rock
303,Rock
304,Paper
305,Scissors
306,Rock
307,Rock
308,Paper
309,Scissors
310,Scissors
311,Rock
312,Paper
313,Scissors
314,Rock
315,Paper
316,Scissors
317,Scissors
318,Scissors
319,Paper
320,Scissors
321,Rock
322,Rock
323,Paper
324,Paper
325,Scissors
326,Rock
327,Scissors
328,Paper
329,Scissors
330,Rock
331,Paper
332,Paper
333,Paper
334,Scissors
335,Rock
336,Rock
337,Paper
338,Paper
339,Scissors
340,Rock
341,Scissors
342,Scissors
343,Rock
344,Paper
345,Paper
346,Paper
347,Rock
348,Paper
349,Paper
350,Scissors
351,Rock
352,Scissors
353,Rock
354,Rock
355,Scissors
356,Rock
357,Paper
358,Scissors
359,Rock
360,Paper
361,Paper
362,Scissors
363,Rock
364,Scissors
365,Rock
366,Scissors
367,Rock
368,Rock
369,Paper
370,Scissors
371,Scissors
372,Rock
373,Scissors
374,Paper
375,Paper
376,Scissors
377,Scissors
378,Scissors
379,Rock
380,Paper
381,Paper
382,Scissors
383,Rock
384,Paper
385,Paper
386,Scissors
387,Rock
388,Rock
389,Paper
390,Paper
391,Scissors
392,Rock
393,Paper
394,Scissors
395,Scissors
396,Rock
397,Paper
398,Scissors
399,Rock
400,Paper
401,Scissors
402,Rock
403,Paper
404,Scissors
405,Scissors
406,Paper
407,Scissors
408,Rock
409,Paper
410,Scissors
411,Rock
412,Scissors
413,Rock
414,Paper
415,Scissors
416,Rock
417,Rock
418,Scissors
419,Rock
420,Paper
421,Scissors
422,Scissors
423,Rock
424,Paper
425,Paper
426,Paper
427,Paper
428,Scissors
429,Scissors
430,Scissors
431,Scissors
432,Paper
433,Paper
434,Scissors
435,Rock
436,Paper
437,Scissors
438,Scissors
439,Rock
440,Rock
441,Paper
442,Scissors
443,Rock
444,Paper
445,Scissors
446,Rock
447,Scissors
448,Scissors
449,Rock
450,Scissors
451,Rock
452,Rock
453,Scissors
454,Rock
455,Paper
456,Scissors
457,Rock
458,Paper
459,Scissors
460,Rock
461,Paper
462,Scissors
463,Rock
464,Paper
465,Scissors
466,Rock
467,Rock
468,Paper
469,Paper
470,Paper
471,Scissors
472,Rock
473,Paper
474,Rock
475,Scissors
476,Rock
477,Paper
478,Scissors
479,Rock
480,Scissors
481,Rock
482,Paper
483,Scissors
484,Rock
485,Paper
486,Scissors
487,Scissors
488,Rock
489,Paper
490,Scissors
491,Scissors
492,Rock
493,Paper
494,Scissors
495,Rock
496,Paper
497,Scissors
498,Paper
499,Scissors
500,Scissors
501,Scissors
502,Rock
503,Scissors
504,Rock
505,Paper
506,Rock
507,Paper
508,Scissors
509,Rock
510,Paper
511,Paper
512,Scissors
513,Rock
514,Scissors
515,Rock
516,Scissors
517,Rock
518,Scissors
519,Rock
520,Paper
521,Rock
522,Scissors
523,Rock
524,Rock
525,Scissors
526,Rock
527,Rock
528,Paper
529,Scissors
530,Rock
531,Paper
532,Scissors
533,Rock
534,Scissors
535,Rock
536,Paper
537,Paper
538,Scissors
539,Scissors
540,Paper
541,Scissors
542,Rock
543,Paper
544,Scissors
545,Scissors
546,Rock
547,Scissors
548,Rock
549,Scissors
550,Rock
551,Paper
552,Scissors
553,Rock
554,Paper
555,Paper
556,Scissors
557,Scissors
558,Paper
559,Scissors
560,Rock
561,Paper
562,Scissors
563,Rock
564,Paper
565,Rock
566,Paper
567,Scissors
568,Rock
569,Paper
570,Scissors
571,Rock
572,Rock
573,Rock
574,Paper
575,Scissors
576,Rock
577,Scissors
578,Paper
579,Scissors
580,Scissors
581,Rock
582,Paper
583,Paper
584,Scissors
585,Rock
586,Paper
587,Scissors
588,Rock
589,Paper
590,Paper
591,Scissors
592,Rock
593,Paper
594,Paper
595,Paper
596,Paper
597,Scissors
598,Scissors
599,Rock
600,Paper
601,Paper
602,Paper
603,Scissors
604,Rock
605,Paper
606,Scissors
607,Paper
608,Scissors
609,Rock
610,Paper
611,Scissors
612,Rock
613,Paper
614,Paper
615,Scissors
616,Rock
617,Scissors
618,Rock
619,Paper
620,Scissors
621,Rock
622,Paper
623,Scissors
624,Rock
625,Paper
626,Scissors
627,Rock
628,Rock
629,Paper
630,Paper
631,Scissors
632,Paper
633,Scissors
634,Scissors
635,Scissors
636,Rock
637,Paper
638,Paper
639,Scissors
640,Rock
641,Rock
642,Rock
643,Paper
644,Scissors
645,Rock
646,Paper
647,Paper
648,Rock
649,Paper
650,Scissors
651,Rock
652,Scissors
653,Rock
654,Scissors
655,Rock
656,Rock
657,Paper
658,Scissors
659,Rock
660,Rock
661,Scissors
662,Scissors
663,Rock
664,Paper
665,Scissors
666,Rock
667,Paper
668,Scissors
669,Paper
670,Paper
671,Scissors
672,Rock
673,Paper
674,Scissors
675,Rock
676,Rock
677,Scissors
678,Rock
679,Paper
680,Scissors
681,Rock
682,Rock
683,Paper
684,Scissors
685,Rock
686,Paper
687,Scissors
688,Rock
689,Rock
690,Paper
691,Paper
692,Scissors
693,Rock
694,Paper
695,Paper
696,Scissors
697,Rock
698,Scissors
699,Rock
700,Rock
701,Paper
702,Paper
703,Paper
704,Paper
705,Rock
706,Paper
707,Scissors
708,Scissors
709,Scissors
710,Rock
711,Paper
712,Paper
713,Scissors
714,Rock
715,Paper
716,Scissors
717,Rock
718,Scissors
719,Paper
720,Scissors
721,Rock
722,Paper
723,Scissors
724,Scissors
725,Rock
726,Rock
727,Paper
728,Scissors
729,Rock
730,Paper
731,Paper
732,Scissors
733,Rock
734,Paper
735,Scissors
736,Rock
737,Scissors
738,Scissors
739,Rock
740,Paper
741,Paper
742,Paper
743,Paper
744,Scissors
745,Rock
746,Paper
747,Scissors
748,Paper
749,Rock
750,Rock
751,Paper
752,Paper
753,Scissors
754,Scissors
755,Scissors
756,Rock
757,Scissors
758,Rock
759,Rock
760,Paper
761,Scissors
762,Rock
763,Paper
764,Rock
765,Paper
766,Paper
767,Paper
768,Scissors
769,Rock
770,Rock
771,Paper
772,Scissors
773,Paper
774,Paper
775,Rock
776,Paper
777,Paper
778,Scissors
779,Rock
780,Scissors
781,Rock
782,Rock
783,Scissors
784,Rock
785,Paper
786,Scissors
787,Rock
788,Paper
789,Scissors
790,Rock
791,Rock
792,Paper
793,Scissors
794,Rock
795,Rock
796,Paper
797,Scissors
798,Rock
799,Paper
800,Paper
801,Rock
802,Paper
803,Scissors
804,Rock
805,Paper
806,Scissors
807,Rock
808,Paper
809,Paper
810,Scissors
811,Rock
812,Scissors
813,Scissors
814,Scissors
815,Rock
816,Paper
817,Scissors
818,Rock
819,Paper
820,Scissors
821,Scissors
822,Rock
823,Scissors
824,Paper
825,Scissors
826,Rock
827,Scissors
828,Rock
829,Scissors
830,Rock
831,Rock
832,Scissors
833,Rock
834,Scissors
835,Rock
836,Rock
837,Scissors
838,Scissors
839,Rock
840,Paper
841,Paper
842,Scissors
843,Rock
844,Rock
845,Paper
846,Scissors
847,Rock
848,Scissors
849,Rock
850,Scissors
851,Rock
852,Paper
853,Scissors
854,Rock
855,Paper
856,Paper
857,Paper
858,Rock
859,Scissors
860,Paper
861,Scissors
862,Rock
863,Rock
864,Paper
865,Rock
866,Paper
867,Rock
868,Paper
869,Scissors
870,Rock
871,Paper
872,Scissors
873,Rock
874,Rock
875,Paper
876,Paper
877,Scissors
878,Rock
879,Paper
880,Paper
881,Scissors
882,Rock
883,Paper
884,Scissors
885,Rock
886,Paper
887,Scissors
888,Rock
889,Scissors
890,Scissors
891,Rock
892,Scissors
893,Rock
894,Paper
895,Paper
896,Scissors
897,Scissors
898,Rock
899,Paper
900,Paper
901,Paper
902,Scissors
903,Rock
904,Scissors
905,Rock
906,Rock
907,Scissors
908,Paper
909,Scissors
910,Scissors
911,Paper
912,Scissors
913,Scissors
914,Paper
915,Paper
916,Scissors
917,Rock
918,Rock
919,Paper
920,Scissors
921,Paper
922,Scissors
923,Rock
924,Rock
925,Paper
926,Rock
927,Paper
928,Rock
929,Paper
930,Paper
931,Scissors
932,Rock
933,Paper
934,Paper
935,Scissors
936,Scissors
937,Rock
938,Paper
939,Paper
940,Paper
941,Scissors
942,Scissors
943,Scissors
944,Rock
945,Scissors
946,Scissors
947,Rock
948,Rock
949,Paper
950,Paper
951,Scissors
952,Rock
953,Paper
954,Scissors
955,Rock
956,Rock
957,Paper
958,Paper
959,Paper
960,Paper
961,Scissors
962,Rock
963,Paper
964,Scissors
965,Rock
966,Paper
967,Scissors
968,Rock
969,Scissors
970,Rock
971,Paper
972,Scissors
973,Rock
974,Paper
975,Scissors
976,Rock
977,Rock
978,Rock
979,Rock
980,Scissors
981,Rock
982,Paper
983,Scissors
984,Rock
985,Paper
986,Scissors
987,Rock
988,Paper
989,Scissors
990,Paper
991,Scissors
992,Rock
993,Scissors
994,Rock
995,Scissors
996,Rock
997,Paper
998,Paper
999,Scissors
1000,Rock
